Vehicle,2009,2010,2011,2012,2013,2014,2015,2016,2017,2018,2019,2020
Acura ILX,,,0.0,12251.0,20430.0,17854.0,18531.0,14597.0,11757.0,11273.0,14685.0,13414.0
Acura ILX,,,0.0,11279.0,20430.0,17854.0,18531.0,14597.0,11757.0,11273.0,14685.0,13414.0
Acura ILX Hybrid,,,0.0,972.0,,,,,,,,
Acura MDX,31178.0,47210.0,43271.0,50854.0,53040.0,65603.0,58208.0,55495.0,54886.0,51512.0,52019.0,47816.0
Acura NSX,,,,,,,0.0,269.0,581.0,170.0,238.0,128.0
Acura RDX,10153.0,14975.0,15196.0,29520.0,44750.0,44865.0,51026.0,52361.0,51295.0,63580.0,62876.0,52785.0
Acura RL,2043.0,2037.0,1096.0,379.0,,,,,,,,
Acura RLX,,,,,,3413.0,2195.0,1478.0,1237.0,1931.0,1019.0,1054.0
Acura RLX/RL ³,,,,,5053.0,3413.0,,,,,,
Acura RLX/RL ‡,,,,379.0,5053.0,,,,,,,
Acura TL,33620.0,34049.0,31237.0,33572.0,24318.0,10616.0,88.0,0.0,,,,
Acura TLX,,,,,0.0,19127.0,47080.0,37156.0,34846.0,30468.0,26548.0,21785.0
Acura TSX,28650.0,32076.0,30935.0,28865.0,17484.0,6287.0,35.0,4.0,,,,
Acura TSX Sedan,,,27725.0,24631.0,,,,,,,,
Acura TSX Sedan *,,,,24631.0,15508.0,5647.0,,,,,,
Acura TSX Sport Wagon,,,3210.0,4234.0,,,,,,,,
Acura TSX SportWagon *,,,,4234.0,1976.0,640.0,,,,,,
Acura ZDX,79.0,3259.0,1564.0,775.0,361.0,78.0,2.0,0.0,,,,
Alfa Romeo 4C,,,,,0.0,91.0,663.0,480.0,407.0,238.0,145.0,99.0
Alfa Romeo Giulia,,,,,,,0.0,36.0,8903.0,11519.0,8705.0,8204.0
Alfa Romeo Stelvio,,,,,,,,0.0,2721.0,12043.0,9444.0,10282.0
Audi A3,3874.0,6558.0,6561.0,7205.0,857.0,22250.0,35984.0,31538.0,20733.0,18305.0,10418.0,9938.0
Audi A3 e-tron,,,,,,,,4280.0,2877.0,,,
Audi A4,37070.0,34672.0,35234.0,38530.0,42130.0,38679.0,31831.0,36987.0,37674.0,34311.0,26435.0,18342.0
Audi A4 Allroad,,,0.0,3115.0,,,,,,,,
Audi A4 Allroad *,,,,4367.0,5386.0,4686.0,2818.0,2300.0,,,,
Audi A4 Avant,,,3505.0,1252.0,,,,,,,,
Audi A4 Sedan,,,31729.0,34163.0,,,,,,,,
Audi A4 Sedan *,,,,,,33993.0,29013.0,34687.0,,,,
Audi A4 Sedan/Avant *,,,,34163.0,36744.0,33993.0,,,,,,
Audi A5,9800.0,16379.0,15385.0,17270.0,18664.0,16620.0,12934.0,8354.0,21301.0,25972.0,23023.0,18827.0
Audi A6,6786.0,8675.0,11124.0,18998.0,22428.0,23941.0,22850.0,18686.0,16304.0,10561.0,17807.0,10536.0
Audi A7,,0.0,6270.0,8598.0,8483.0,8133.0,7721.0,6558.0,4810.0,3852.0,4955.0,2859.0
Audi A8,1463.0,1521.0,5700.0,6002.0,6300.0,5904.0,4990.0,4149.0,3127.0,1599.0,2963.0,2375.0
Audi Q3,,,,,0.0,3654.0,13229.0,20048.0,20633.0,16828.0,14822.0,27252.0
Audi Q5,13790.0,23518.0,24908.0,28671.0,40355.0,42420.0,52006.0,49550.0,57640.0,69978.0,67516.0,50435.0
Audi Q7,7299.0,7976.0,8998.0,11008.0,15978.0,18517.0,18995.0,30563.0,38346.0,37417.0,34649.0,25372.0
Audi Q8,,,,,,,,,0.0,2029.0,14256.0,12072.0
Audi R8,699.0,799.0,1145.0,802.0,813.0,735.0,495.0,736.0,772.0,927.0,574.0,583.0
Audi TT,1935.0,1531.0,2236.0,2226.0,2053.0,1158.0,1167.0,3044.0,2294.0,1289.0,1324.0,832.0
Audi eTron,,,,,,,,,,0.0,5369.0,7202.0
BMW 1-Series,11182.0,13132.0,8832.0,7689.0,7220.0,,,,,,,
BMW 1-Series & 2-Series ³,,,,,7220.0,7345.0,,,,,,
BMW 2-Series,,,,,,7345.0,13020.0,15519.0,11737.0,9208.0,8015.0,13209.0
BMW 3-Series,90960.0,100910.0,94371.0,99602.0,,,94540.0,70458.0,59449.0,44578.0,47827.0,39290.0
BMW 3-Series & 4-Series ³,,,,99602.0,119521.0,142232.0,,,,,,
BMW 3-Series ³,,,,,,100970.0,94527.0,,,,,
BMW 4-Series,,,,,,,46069.0,35763.0,39634.0,31379.0,18621.0,12357.0
BMW 4-Series ³,,,,,,41442.0,46082.0,,,,,
BMW 5-Series,40109.0,39488.0,51491.0,56798.0,56863.0,52704.0,44162.0,32408.0,40658.0,43937.0,38709.0,25515.0
BMW 6-Series,3549.0,2418.0,3903.0,8208.0,9762.0,8647.0,8146.0,3947.0,3355.0,3762.0,1139.0,1960.0
BMW 7-Series,9254.0,12253.0,11299.0,11098.0,10932.0,9744.0,9292.0,12918.0,9276.0,8271.0,8823.0,5985.0
BMW 8-Series,,,,,,,,,0.0,223.0,4410.0,7714.0
BMW X1,,,0.0,8947.0,26512.0,22808.0,14420.0,27812.0,30826.0,29057.0,17815.0,14368.0
BMW X2,,,,,,,,,0.0,16154.0,11293.0,7368.0
BMW X3,6067.0,6075.0,27793.0,35173.0,30623.0,33824.0,31924.0,44196.0,40691.0,61351.0,70110.0,59777.0
BMW X4,,,,,0.0,2709.0,6429.0,4989.0,5198.0,4323.0,8758.0,7662.0
BMW X5,27071.0,35776.0,40547.0,44445.0,39818.0,47031.0,54997.0,47641.0,50815.0,45013.0,54595.0,50513.0
BMW X6,4787.0,6257.0,6192.0,6749.0,5549.0,3896.0,7906.0,7117.0,6780.0,6862.0,4240.0,7291.0
BMW X7,,,,,,,,,,0.0,21574.0,23230.0
BMW Z4,3523.0,3804.0,3479.0,2751.0,2480.0,2151.0,1829.0,1187.0,502.0,4.0,2941.0,2364.0
BMW i3,,,,,0.0,6092.0,11024.0,7625.0,6276.0,6120.0,4853.0,1502.0
BMW i8,,,,,0.0,555.0,2265.0,1594.0,488.0,772.0,1102.0,192.0
Bentley Bentayga,,,,,,,0.0,884.0,1152.0,,,
Bentley Continental GT,,,,,,,1701.0,1144.0,898.0,,,
Bentley Flying Spur,,,,,,,791.0,400.0,257.0,,,
Bentley Mulsanne,,,,,,,194.0,153.0,98.0,,,
Buick Cascada,,,,,,,0.0,7153.0,5595.0,4628.0,2535.0,12.0
Buick Enclave,43150.0,55426.0,58392.0,56703.0,60534.0,62300.0,62081.0,52028.0,48564.0,49648.0,51156.0,38479.0
Buick Encore,,,,0.0,31956.0,48892.0,67549.0,78565.0,88035.0,93071.0,102401.0,44353.0
Buick Encore GX,,,,,,,,,,,0.0,42240.0
Buick Envision,,,,,,,0.0,14193.0,41040.0,30153.0,33230.0,34943.0
Buick LaCrosse,27818.0,61178.0,58474.0,57076.0,48798.0,51468.0,42035.0,27582.0,20161.0,15527.0,7241.0,229.0
Buick Lucerne,31292.0,26459.0,20358.0,971.0,9.0,0.0,,,,,,
Buick Regal,0.0,12326.0,40144.0,24616.0,18685.0,22560.0,19504.0,19833.0,11559.0,14117.0,10363.0,2493.0
Buick Verano,,0.0,265.0,41042.0,45527.0,43743.0,31886.0,30277.0,4277.0,,,
Cadillac ATS,,,0.0,7008.0,38319.0,29890.0,26873.0,21505.0,13100.0,10860.0,1134.0,115.0
Cadillac CT4,,,,,,,,,,,0.0,4888.0
Cadillac CT5,,,,,,,,,,0.0,43.0,14712.0
Cadillac CT6,,,,,,,0.0,9169.0,10542.0,9669.0,7952.0,3117.0
Cadillac CTS,38817.0,45656.0,55042.0,46979.0,32343.0,31115.0,19485.0,15911.0,10344.0,11220.0,6966.0,611.0
Cadillac DTS,17330.0,18640.0,11589.0,465.0,19.0,0.0,,,,,,
Cadillac ELR,,,,0.0,6.0,1310.0,1024.0,534.0,17.0,,,
Cadillac Escalade,25884.0,26874.0,25503.0,22632.0,22514.0,30522.0,35923.0,39092.0,37694.0,36032.0,35424.0,24545.0
Cadillac Escalade,25884.0,26874.0,25503.0,12615.0,22514.0,30522.0,35923.0,39092.0,37694.0,36032.0,35424.0,24545.0
Cadillac Escalade *,,,,12615.0,12592.0,19482.0,21230.0,23604.0,,,,
Cadillac Escalade ESV,,,8388.0,8083.0,,,,,,,,
Cadillac Escalade ESV *,,,,8083.0,7950.0,10987.0,14691.0,15488.0,,,,
Cadillac Escalade EXT,,,2036.0,1934.0,,,,,,,,
Cadillac Escalade EXT *,,,,1934.0,1972.0,53.0,2.0,0.0,,,,
Cadillac SRX,20237.0,51094.0,56905.0,57485.0,56776.0,53578.0,68850.0,22139.0,156.0,,,
Cadillac STS,6037.0,4473.0,3338.0,164.0,7.0,0.0,,,,,,
Cadillac XLR,787.0,188.0,12.0,,,,,,,,,
Cadillac XT4,,,,,,,,,0.0,7785.0,31987.0,22473.0
Cadillac XT5,,,,,,,0.0,39485.0,68312.0,60566.0,49878.0,35224.0
Cadillac XT6,,,,,,,,,,0.0,11560.0,22610.0
Cadillac XTS,,,0.0,15049.0,32559.0,24335.0,23112.0,22171.0,16275.0,17729.0,11306.0,1200.0
Chevrolet Avalanche,16432.0,20515.0,20088.0,23995.0,16526.0,92.0,8.0,0.0,,,,
Chevrolet Aveo,38516.0,48623.0,28601.0,67.0,2.0,0.0,,,,,,
Chevrolet Aveo/Sonic,,48623.0,44379.0,,,,,,,,,
Chevrolet Blazer,,,,,,,,,0.0,27.0,58116.0,94598.0
Chevrolet Bolt,,,,,,,0.0,579.0,23297.0,18020.0,16419.0,20753.0
Chevrolet Camaro,61648.0,81299.0,88249.0,84391.0,80567.0,86297.0,77502.0,72705.0,67940.0,50963.0,48266.0,29777.0
Chevrolet Caprice,,0.0,880.0,,,,,,,,,
Chevrolet Caprice PPV,,,880.0,3734.0,3899.0,3727.0,1845.0,1021.0,693.0,,,
Chevrolet Captiva Sport,,0.0,7038.0,36935.0,47600.0,35368.0,55.0,2.0,,,,
Chevrolet City Express,,,,,0.0,530.0,10283.0,7019.0,8348.0,,,
Chevrolet Cobalt,104724.0,97376.0,856.0,11.0,0.0,,,,,,,
Chevrolet Colorado,32413.0,24642.0,31026.0,36840.0,3412.0,8003.0,84430.0,108725.0,112996.0,134842.0,121703.0,96236.0
Chevrolet Corvette,13934.0,12624.0,13164.0,14132.0,17291.0,34839.0,33329.0,29995.0,25079.0,18789.0,17988.0,21627.0
Chevrolet Cruze,0.0,24495.0,231732.0,237758.0,248224.0,273060.0,226602.0,188876.0,184751.0,142618.0,47975.0,783.0
Chevrolet Equinox,86148.0,149979.0,193274.0,218621.0,238192.0,242242.0,277589.0,242195.0,290458.0,332621.0,346049.0,270994.0
Chevrolet Express,,,,,79087.0,79352.0,63382.0,68007.0,69164.0,66963.0,77457.0,55040.0
Chevrolet HHR,70842.0,75401.0,37012.0,21.0,3.0,0.0,,,,,,
Chevrolet Impala,165565.0,172078.0,171434.0,169351.0,156797.0,140280.0,116825.0,97006.0,75877.0,56557.0,44978.0,9943.0
Chevrolet Malibu,161568.0,198770.0,204808.0,210951.0,200594.0,188519.0,194854.0,227881.0,185857.0,144542.0,120302.0,102652.0
Chevrolet SS,,,,0.0,418.0,2479.0,2895.0,3013.0,4055.0,,,
Chevrolet Silverado,316544.0,370135.0,415130.0,418312.0,480414.0,529755.0,600544.0,574876.0,585864.0,585582.0,575569.0,593057.0
Chevrolet Sonic,,,15778.0,81247.0,85646.0,93518.0,64775.0,55255.0,30290.0,20613.0,13970.0,13007.0
Chevrolet Sonic/Aveo,,,44379.0,81314.0,,,,,,,,
Chevrolet Spark,,,0.0,12385.0,34130.0,39159.0,32853.0,35511.0,22589.0,23603.0,31280.0,33480.0
Chevrolet Suburban,41055.0,45152.0,49427.0,48116.0,51260.0,55009.0,50866.0,60082.0,56516.0,60633.0,51928.0,33644.0
Chevrolet Tahoe,73254.0,75675.0,80527.0,68904.0,83502.0,97726.0,88342.0,103306.0,98961.0,104152.0,101189.0,88237.0
Chevrolet TrailBlazer,8829.0,218.0,33.0,,,,,,,,0.0,34292.0
Chevrolet Traverse,91074.0,106744.0,107131.0,85606.0,96467.0,103943.0,119945.0,116701.0,123506.0,146264.0,147122.0,125546.0
Chevrolet Trax,,,,,0.0,739.0,63030.0,79016.0,79289.0,89917.0,116817.0,106299.0
Chevrolet Uplander,1758.0,76.0,,,,,,,,,,
Chevrolet Volt,0.0,326.0,7671.0,23461.0,23094.0,18805.0,15393.0,24739.0,20349.0,18306.0,4911.0,68.0
Chrysler 200,0.0,255.0,89413.0,125476.0,122480.0,117363.0,177889.0,57294.0,18457.0,1043.0,48.0,9.0
Chrysler 200,0.0,255.0,87033.0,125476.0,122480.0,117363.0,177889.0,57294.0,18457.0,1043.0,48.0,9.0
Chrysler 200/Sebring,,35585.0,89413.0,,,,,,,,,
Chrysler 300,38606.0,37116.0,36285.0,70747.0,57724.0,53382.0,53109.0,53241.0,51237.0,46593.0,29214.0,16473.0
Chrysler Aspen,5996.0,30.0,,,,,,,,,,
Chrysler PT Cruiser,17941.0,9440.0,1328.0,,,,,,,,,
Chrysler Pacifica,,,,,,,0.0,62366.0,118274.0,118322.0,97706.0,84113.0
Chrysler Sebring,27460.0,38330.0,2380.0,0.0,,,,,,,,
Chrysler Sebring/200,27460.0,38585.0,,,,,,,,,,
Chrysler Town & Country,84558.0,112275.0,94320.0,111744.0,122288.0,138040.0,93848.0,59071.0,577.0,,,
Chrysler Town and Country,,,,,,,,,,,0.0,9690.0
Dodge (SRT) Viper ¹,,,,20.0,591.0,,,,,,,
Dodge Avenger,38922.0,50923.0,64023.0,96890.0,93842.0,51705.0,1268.0,45.0,14.0,,,
Dodge Caliber,36098.0,45082.0,35049.0,10176.0,45.0,0.0,,,,,,
Dodge Challenger,25852.0,36791.0,39534.0,43119.0,51462.0,51611.0,66365.0,64433.0,64537.0,66716.0,60997.0,52955.0
Dodge Charger,60651.0,75397.0,70089.0,82592.0,98336.0,94099.0,94725.0,95437.0,88351.0,80226.0,96936.0,77426.0
Dodge Dakota,10690.0,13047.0,12156.0,490.0,0.0,,,,,,,
Dodge Dart,,,0.0,25303.0,83388.0,83858.0,87392.0,43402.0,10082.0,389.0,16.0,5.0
Dodge Durango,3521.0,572.0,51697.0,42589.0,60727.0,64398.0,64186.0,68474.0,68761.0,65947.0,67598.0,57828.0
Dodge Grand Caravan,90666.0,103323.0,110862.0,141468.0,124019.0,134152.0,97141.0,127678.0,125196.0,151927.0,122648.0,38765.0
Dodge Journey,53826.0,48577.0,55155.0,79563.0,83933.0,93572.0,105400.0,106759.0,89470.0,94096.0,74687.0,40341.0
Dodge Nitro,17443.0,22618.0,24434.0,3269.0,0.0,,,,,,,
Dodge Ram,177268.0,199652.0,244763.0,293363.0,,,,,,,,
Dodge Ram ¹,,,,293363.0,355673.0,,,,,,,
Dodge Viper,482.0,392.0,197.0,20.0,591.0,760.0,676.0,630.0,585.0,19.0,0.0,6.0
Fiat 124 Spider,,,,,,,0.0,2475.0,4478.0,3515.0,2646.0,1711.0
Fiat 500,,0.0,19769.0,43772.0,35834.0,33708.0,25084.0,15437.0,12685.0,5370.0,3267.0,674.0
Fiat 500L,,,,0.0,7402.0,12413.0,7863.0,3118.0,1664.0,1413.0,772.0,475.0
Fiat 500X,,,,,,0.0,9463.0,11712.0,7665.0,5223.0,2519.0,1444.0
Ford Bronco Sport,,,,,,,,,,,0.0,5120.0
Ford C-Max,,,0.0,13309.0,35210.0,27595.0,21768.0,19834.0,18390.0,6683.0,,
Ford Crown Victoria,33255.0,33722.0,46725.0,4429.0,0.0,,,,,,,
Ford E-Series,,,,,125356.0,103263.0,50788.0,54245.0,53304.0,47936.0,45063.0,37001.0
Ford EcoSport,,,,,,,,,0.0,54348.0,60599.0,60544.0
Ford Edge,88548.0,118637.0,121702.0,127969.0,129109.0,108864.0,124120.0,134588.0,142603.0,134122.0,138514.0,108886.0
Ford Escape,173044.0,191026.0,254293.0,261008.0,295993.0,306212.0,306492.0,307069.0,308296.0,272228.0,241387.0,178495.0
Ford Expedition,31655.0,37336.0,40499.0,38062.0,38350.0,44632.0,41443.0,59835.0,51883.0,54661.0,86423.0,77838.0
Ford Explorer,52190.0,60687.0,135704.0,158344.0,192397.0,209994.0,249251.0,248507.0,271131.0,261571.0,187061.0,226215.0
Ford Explorer,52190.0,60687.0,135704.0,164207.0,192397.0,209994.0,249251.0,248507.0,271131.0,261571.0,187061.0,226215.0
Ford Explorer *,,,,158344.0,178311.0,189339.0,224309.0,216294.0,,,,
Ford Explorer Police Interceptor,,,0.0,5863.0,,,,,,,,
Ford Explorer Police Interceptor *,,,,5863.0,14086.0,20655.0,24942.0,32213.0,,,,
Ford F-Series,413625.0,528349.0,584917.0,645316.0,763402.0,753851.0,780354.0,820799.0,896764.0,909330.0,896526.0,787372.0
Ford Fiesta,0.0,23273.0,68574.0,56775.0,71073.0,63192.0,64458.0,48807.0,46249.0,51730.0,60148.0,3354.0
Ford Flex,38717.0,34227.0,27428.0,28224.0,25953.0,23822.0,19570.0,22668.0,22389.0,20308.0,24485.0,4849.0
Ford Focus,160433.0,172421.0,175717.0,245922.0,234570.0,219634.0,202478.0,168789.0,158385.0,114045.0,,
Ford Fusion,180671.0,219219.0,248067.0,241263.0,295280.0,306860.0,300170.0,265840.0,209623.0,173600.0,166045.0,110665.0
Ford GT,,,,,,,,0.0,89.0,126.0,698.0,125.0
Ford Mustang,66623.0,73716.0,70438.0,82995.0,77186.0,82635.0,122349.0,105932.0,81866.0,75842.0,72489.0,61090.0
Ford Mustang Mach E,,,,,,,,,,,0.0,3.0
Ford Ranger,55600.0,55364.0,70832.0,19366.0,0.0,,,,,0.0,83571.0,101485.0
Ford Taurus,45617.0,68859.0,63526.0,66066.0,79960.0,62629.0,48816.0,44098.0,41236.0,40341.0,13423.0,
Ford Taurus,45617.0,68859.0,63526.0,74375.0,79960.0,62629.0,48816.0,44098.0,41236.0,40341.0,13423.0,
Ford Taurus *,,,,66066.0,69063.0,52395.0,39051.0,34626.0,,,,
Ford Taurus Poice Interceptor *,,,,,10897.0,10234.0,,,,,,
Ford Taurus Police Interceptor,,,0.0,8309.0,,,,,,,,
Ford Taurus Police Interceptor *,,,,8309.0,10897.0,10234.0,9765.0,9472.0,,,,
Ford Taurus X,6106.0,12.0,,,,,,,,,,
Ford Transit,,,,,0.0,20448.0,117577.0,143244.0,127360.0,137794.0,153867.0,131557.0
Ford Transit Connect,,,,,39703.0,43210.0,52221.0,43232.0,34473.0,31923.0,41597.0,34596.0
GMC Acadia,53820.0,68295.0,79288.0,78280.0,89793.0,83972.0,96393.0,88466.0,111276.0,88622.0,99430.0,72538.0
GMC Canyon,10107.0,7992.0,9590.0,8735.0,929.0,3070.0,30077.0,37449.0,32106.0,33493.0,32826.0,25191.0
GMC Envoy,4857.0,84.0,5.0,,,,,,,,,
GMC Savana,,,,,16705.0,26641.0,21992.0,20607.0,29679.0,19685.0,24227.0,15108.0
GMC Sierra,111842.0,129794.0,149170.0,157185.0,184389.0,211833.0,224139.0,221680.0,217943.0,219554.0,232325.0,253014.0
GMC Terrain,14033.0,60519.0,83179.0,97786.0,99525.0,105016.0,112030.0,87925.0,85441.0,114311.0,101470.0,86020.0
GMC Torrent,9638.0,68.0,,,,,,,,,,
GMC Yukon,29411.0,28781.0,34250.0,27818.0,28302.0,41569.0,42732.0,53447.0,49183.0,74678.0,74672.0,63442.0
GMC Yukon XL,16819.0,23797.0,25223.0,23427.0,31258.0,29752.0,31334.0,37054.0,35059.0,,,
Genesis G70,,,,,,,,,0.0,358.0,11903.0,9436.0
Genesis G80,,,,,,,0.0,6166.0,16196.0,7446.0,7095.0,3359.0
Genesis G90,,,,,,,0.0,782.0,4398.0,2136.0,2239.0,2072.0
Genesis GV80,,,,,,,,,,,0.0,1517.0
Honda Accord,290056.0,311381.0,235625.0,331872.0,366678.0,388374.0,355557.0,345225.0,322655.0,291071.0,267567.0,199458.0
Honda Accord/Crosstour,,311381.0,253599.0,,,,,,,,,
Honda CR-V,191214.0,203714.0,218373.0,281652.0,303904.0,335019.0,345647.0,357335.0,377895.0,379021.0,384168.0,323502.0
Honda CR-Z,0.0,5249.0,11330.0,4192.0,4550.0,3562.0,3073.0,2338.0,705.0,30.0,0.0,552.0
Honda Civic,259722.0,260218.0,221235.0,317909.0,336180.0,325981.0,335384.0,366927.0,377286.0,325760.0,325650.0,261225.0
Honda Civic,259722.0,260218.0,221235.0,310753.0,336180.0,325981.0,335384.0,366927.0,377286.0,325760.0,325650.0,261225.0
Honda Civic Hybrid,,,4703.0,7156.0,,,,,,,,
Honda Clarity FCV,,,,,,,,8.0,2455.0,20174.0,11654.0,3664.0
Honda Crosstour,,,17974.0,20848.0,16847.0,11802.0,9104.0,726.0,5.0,,,
Honda Element,14884.0,14247.0,11534.0,3.0,2.0,0.0,,,,,,
Honda FCX,5.0,17.0,2.0,5.0,10.0,2.0,2.0,8.0,,,,
Honda Fit,67315.0,54354.0,59235.0,49346.0,53513.0,59340.0,52724.0,56630.0,49454.0,35030.0,35414.0,32488.0
Honda Fit,67315.0,54354.0,59235.0,49253.0,53513.0,59340.0,52724.0,56630.0,49454.0,35030.0,35414.0,32488.0
Honda Fit EV,,,0.0,93.0,,,,,,,,
Honda HR-V,,,,,,0.0,41969.0,82041.0,94034.0,85494.0,99104.0,84027.0
Honda Insight,20572.0,20962.0,15549.0,5846.0,4802.0,3965.0,1458.0,67.0,3.0,12513.0,23686.0,15932.0
Honda Odyssey,100133.0,108182.0,107068.0,125980.0,128987.0,122738.0,127736.0,120846.0,100307.0,106327.0,99113.0,83409.0
Honda Passport,,,,,,,,,,0.0,36285.0,39567.0
Honda Pilot,83901.0,102323.0,116297.0,114848.0,126678.0,108857.0,136212.0,120772.0,127279.0,159615.0,135008.0,123813.0
Honda Ridgeline,16464.0,16142.0,9759.0,14068.0,17723.0,13389.0,520.0,23667.0,34749.0,30592.0,33334.0,32168.0
Honda S2000,795.0,85.0,5.0,0.0,2.0,0.0,,,,,,
Hummer H2,1513.0,151.0,,,,,,,,,,
Hummer H3,7533.0,3661.0,,,,,,,,,,
Hyundai Accent,68086.0,51975.0,55601.0,61004.0,60458.0,63309.0,61486.0,79766.0,58955.0,29090.0,25628.0,15975.0
Hyundai Azera,3808.0,3051.0,1524.0,8431.0,11221.0,7232.0,5539.0,4942.0,3060.0,629.0,,
Hyundai Elantra,103269.0,132246.0,186361.0,202034.0,247912.0,222023.0,241706.0,208319.0,198210.0,200415.0,175094.0,105475.0
Hyundai Equus,0.0,196.0,3193.0,3972.0,3578.0,3415.0,2332.0,1361.0,20.0,,,
Hyundai Genesis,21889.0,29122.0,32998.0,33973.0,32330.0,,31374.0,23230.0,1152.0,,,
Hyundai Genesis ³,,,,,32330.0,29992.0,31374.0,,,,,
Hyundai Ioniq,,,,,,,,0.0,11197.0,15076.0,19574.0,13570.0
Hyundai Kona,,,,,,,,,0.0,47090.0,73326.0,76253.0
Hyundai Nexo,,,,,,,,,0.0,8.0,267.0,208.0
Hyundai Palisade,,,,,,,,,,0.0,28736.0,81905.0
Hyundai Santa Fe,80343.0,76680.0,74391.0,71016.0,88844.0,107906.0,118134.0,131257.0,133171.0,117038.0,127373.0,101513.0
Hyundai Sonata,120028.0,196623.0,225961.0,230605.0,203648.0,216936.0,213303.0,199416.0,131803.0,105118.0,87466.0,76997.0
Hyundai Tucson,15411.0,39594.0,47232.0,48878.0,41906.0,47306.0,63591.0,89713.0,114735.0,,,
Hyundai Tuscon,,,,,,,,,114735.0,153792.0,137381.0,123657.0
Hyundai Veloster,,0.0,9284.0,34862.0,30711.0,27598.0,24245.0,30053.0,12658.0,10871.0,12849.0,6785.0
Hyundai Venue,,,,,,,,,,0.0,1077.0,17587.0
Hyundai Veracruz,10210.0,8741.0,9146.0,8232.0,175.0,1.0,0.0,,,,,
Infiniti EX,7950.0,8312.0,6030.0,3495.0,,,,,,,,
Infiniti EX/QX50,,,,3495.0,2164.0,,,,,,,
Infiniti EX35,,8312.0,6030.0,,,,,,,,,
Infiniti FX,11024.0,10420.0,9939.0,10424.0,,,,,,,,
Infiniti FX/QX70,,,,10424.0,6380.0,,,,,,,
Infiniti G,47174.0,58143.0,58246.0,59844.0,,,,,,,,
Infiniti G Coupe/Convertible,,,14487.0,13016.0,,,,,,,,
Infiniti G Coupe/Convertible & Q60 *,,,,13016.0,9806.0,,,,,,,
Infiniti G Sedan,,,43759.0,46828.0,,,,,,,,
Infiniti G Sedan *,,,,46828.0,30256.0,,,,,,,
Infiniti G37/Q60 †,,,,59844.0,40062.0,,,,,,,
Infiniti JX/QX60,,,,21674.0,31602.0,,,,,,,
Infiniti JX35,,,0.0,21674.0,,,,,,,,
Infiniti M,8501.0,14618.0,10818.0,9130.0,5283.0,,,,,,,
Infiniti Q40,,,,,,15590.0,8605.0,59.0,,,,
Infiniti Q40/G Sedan,,,,,30256.0,15590.0,,,,,,
Infiniti Q50,,,,,17816.0,36899.0,43874.0,44007.0,40739.0,34763.0,25987.0,16533.0
Infiniti Q50 †,,,,0.0,17816.0,,,,,,,
Infiniti Q60,,,,,9806.0,7740.0,3949.0,3970.0,10751.0,8405.0,5043.0,2793.0
Infiniti Q70,,,,,,5034.0,8449.0,5872.0,5772.0,4479.0,2552.0,139.0
Infiniti Q70/M,,,,,5283.0,5034.0,,,,,,
Infiniti QX30,,,,,,,0.0,2259.0,14093.0,8101.0,3229.0,149.0
Infiniti QX50,,,,,,2727.0,5468.0,16973.0,16857.0,25389.0,18616.0,20885.0
Infiniti QX50/EX,,,,,2164.0,2727.0,,,,,,
Infiniti QX56,6440.0,11918.0,13428.0,15310.0,,,,,,,,
Infiniti QX56/QX80,,,,15310.0,13148.0,,,,,,,
Infiniti QX60,,,,,,31192.0,41770.0,42120.0,40444.0,47370.0,43162.0,22879.0
Infiniti QX60/JX,,,,,31602.0,31192.0,,,,,,
Infiniti QX70,,,,,,5213.0,5737.0,6261.0,6878.0,954.0,,
Infiniti QX70/FX,,,,,6380.0,5213.0,,,,,,
Infiniti QX80,,,,,,12935.0,15646.0,16772.0,17881.0,19207.0,19113.0,16125.0
Infiniti QX80/QX56,,,,,13148.0,12935.0,,,,,,
Jaguar E-Pace,,,,,,,,,0.0,5985.0,4782.0,3696.0
Jaguar F-Pace,,,,,,,0.0,10016.0,18946.0,12997.0,15491.0,10891.0
Jaguar F-Type,,,,0.0,2250.0,4112.0,4629.0,4069.0,4108.0,2268.0,2279.0,1701.0
Jaguar I-Pace,,,,,,,,,0.0,393.0,2594.0,1946.0
Jaguar XE,,,,,,,0.0,6656.0,9278.0,4704.0,3551.0,1686.0
Jaguar XF,8488.0,6925.0,5303.0,5526.0,7922.0,5880.0,5933.0,6665.0,4541.0,2208.0,1236.0,748.0
Jaguar XJ,1161.0,4278.0,5235.0,4852.0,5434.0,4329.0,3611.0,3834.0,2721.0,1579.0,0.0,1118.0
Jaguar XK,2274.0,2137.0,1738.0,1633.0,1346.0,1452.0,293.0,3.0,,,,
Jeep Cherokee,,,,0.0,25786.0,178508.0,220260.0,199736.0,169882.0,239437.0,191397.0,135854.0
Jeep Commander,12655.0,8115.0,105.0,,,,,,,,,
Jeep Compass,11739.0,15894.0,47709.0,40235.0,52993.0,61264.0,66698.0,94061.0,83253.0,171167.0,143933.0,107968.0
Jeep Gladiator,,,,,,,,,,0.0,40038.0,77541.0
Jeep Grand Cherokee,50328.0,84635.0,127744.0,154734.0,174275.0,183786.0,195958.0,212273.0,240696.0,224908.0,242969.0,209786.0
Jeep Liberty,43503.0,49564.0,66684.0,75483.0,6101.0,0.0,,,,,,
Jeep Patriot,31432.0,38620.0,54647.0,62010.0,75797.0,93462.0,118464.0,121926.0,10735.0,621.0,27.0,
Jeep Renegade,,,,,,0.0,60946.0,106606.0,103434.0,97062.0,76886.0,62847.0
Jeep Wrangler,82044.0,94310.0,122460.0,141669.0,155502.0,175328.0,202702.0,191774.0,190522.0,240032.0,228042.0,201310.0
Kia Amanti,3704.0,281.0,8.0,,,,,,,,,
Kia Borrego,10530.0,9835.0,429.0,,,,,,,,,
Kia Cadenza,,,,0.0,8626.0,9267.0,7343.0,4738.0,7249.0,4507.0,1577.0,1265.0
Kia Forte,26328.0,68500.0,76295.0,75681.0,66146.0,69336.0,78919.0,103292.0,117596.0,101890.0,95683.0,84997.0
Kia K5,,,,,,,,,,,0.0,31656.0
Kia K900,,,,,0.0,1330.0,2524.0,834.0,455.0,354.0,392.0,305.0
Kia Niro,,,,,,,,0.0,27237.0,28232.0,24421.0,17434.0
Kia Optima,37527.0,27382.0,84590.0,152399.0,155893.0,159020.0,159414.0,124203.0,107493.0,101603.0,96050.0,48484.0
Kia Rio,34666.0,24619.0,20111.0,40275.0,40742.0,35933.0,23742.0,28700.0,16760.0,22975.0,24509.0,23927.0
Kia Rondo,14206.0,3588.0,47.0,,,,,,,,,
Kia Sedona,27398.0,21823.0,24047.0,17512.0,7079.0,14567.0,36755.0,44264.0,23815.0,17928.0,15843.0,13190.0
Kia Seltos,,,,,,,,,,,0.0,46280.0
Kia Sorento,24460.0,108985.0,130235.0,119597.0,105649.0,102520.0,116249.0,114733.0,99684.0,107846.0,96531.0,74677.0
Kia Soul,31621.0,67110.0,102267.0,115778.0,118079.0,145316.0,147133.0,145768.0,115712.0,104709.0,97814.0,71772.0
Kia Spectra,47114.0,272.0,,,,,,,,,,
Kia Sportage,42509.0,23873.0,47463.0,36357.0,32965.0,42945.0,53739.0,81066.0,72824.0,82823.0,88977.0,84343.0
Kia Stinger,,,,,,,,0.0,843.0,16806.0,13884.0,12556.0
Kia Telluride,,,,,,,,,,0.0,58932.0,75119.0
Land Rover Defender,,,,,,,,,,,0.0,9100.0
Land Rover Discovery / LR4,,,,,,,,10772.0,6398.0,9842.0,9184.0,5811.0
Land Rover Discovery Sport,,,,,,0.0,7611.0,14243.0,14187.0,12035.0,12337.0,7760.0
Land Rover LR2,4433.0,3649.0,2777.0,3113.0,3315.0,3619.0,77.0,3.0,,,,
Land Rover LR4,3197.0,7122.0,7984.0,7316.0,7093.0,4679.0,9031.0,10772.0,,,,
Land Rover Range Rover,7312.0,8746.0,9761.0,7843.0,12221.0,12830.0,17821.0,16155.0,16869.0,19030.0,18831.0,13982.0
Land Rover Range Rover Evoque,,0.0,2244.0,8901.0,11405.0,12440.0,14583.0,11076.0,11979.0,9917.0,11529.0,10510.0
Land Rover Range Rover Sport,11364.0,12347.0,15333.0,16491.0,15976.0,17897.0,21459.0,21612.0,19153.0,24282.0,25768.0,20053.0
Land Rover Range Rover Velar,,,,,,,,0.0,6153.0,17037.0,17087.0,12817.0
Lexus CT,,,,,,,14657.0,8903.0,4690.0,,,
Lexus CT200h,,0.0,14381.0,17673.0,15071.0,17673.0,14657.0,,,,,
Lexus ES,48485.0,48652.0,40873.0,56158.0,72581.0,72508.0,64969.0,58299.0,51398.0,48482.0,51336.0,43292.0
Lexus ES350,,48652.0,40873.0,,,,,,,,,
Lexus GS,7430.0,7059.0,3746.0,22160.0,19742.0,22198.0,23117.0,14878.0,7773.0,6604.0,3378.0,2560.0
Lexus GX,6235.0,16450.0,,,,,25212.0,25148.0,27190.0,26724.0,25945.0,28519.0
Lexus GX460,,16450.0,11609.0,11039.0,12136.0,22685.0,25212.0,,,,,
Lexus HS,,,,,5.0,0.0,,,,,,
Lexus HS250h,6699.0,10663.0,2864.0,649.0,5.0,,,,,,,
Lexus IS,38077.0,34129.0,29669.0,27708.0,35017.0,51358.0,46430.0,37289.0,26482.0,22927.0,14920.0,13600.0
Lexus LC,,,,,,,,0.0,2487.0,1979.0,1219.0,1293.0
Lexus LFA,,0.0,62.0,46.0,23.0,17.0,9.0,6.0,3.0,,0.0,3.0
Lexus LS,11334.0,12275.0,9568.0,8345.0,10727.0,8559.0,7165.0,5514.0,4094.0,9301.0,5528.0,3650.0
Lexus LX,3616.0,3983.0,,,,,3884.0,5707.0,6004.0,4753.0,4718.0,4512.0
Lexus LX570,,3983.0,3167.0,5005.0,4625.0,4052.0,3884.0,,,,,
Lexus NX,,,,,0.0,2927.0,43764.0,54884.0,59341.0,62079.0,58715.0,55784.0
Lexus RC,,,,,0.0,1922.0,14784.0,11165.0,7363.0,3358.0,4591.0,3808.0
Lexus RX,93379.0,95790.0,82595.0,95381.0,103920.0,107490.0,100610.0,109435.0,108307.0,111636.0,111036.0,101059.0
Lexus SC430,720.0,328.0,18.0,2.0,0.0,,,,,,,
Lexus UX,,,,,,,,,0.0,453.0,16723.0,16962.0
Lincoln Aviator,,,,,,,,,,0.0,8324.0,23080.0
Lincoln Continental,,,,,,,0.0,5261.0,12012.0,8758.0,6587.0,5256.0
Lincoln MKC,,,,,0.0,13077.0,24590.0,25562.0,27048.0,26241.0,25816.0,26226.0
Lincoln MKS,17174.0,14417.0,12217.0,12524.0,10793.0,8160.0,6877.0,4951.0,153.0,,,
Lincoln MKT,2580.0,7435.0,5024.0,7094.0,6014.0,4800.0,4696.0,4028.0,3005.0,2324.0,3388.0,329.0
Lincoln MKX,21433.0,21932.0,23395.0,25107.0,23913.0,23995.0,22199.0,30967.0,31031.0,,,
Lincoln MKX/Nautilus,,,,,,,,,31031.0,28573.0,31610.0,22743.0
Lincoln MKZ,22081.0,22535.0,27529.0,28053.0,32361.0,34009.0,30901.0,30534.0,27387.0,19852.0,17726.0,12518.0
Lincoln Navigator,8057.0,8245.0,8018.0,8371.0,8613.0,10433.0,11964.0,10421.0,10523.0,17839.0,18656.0,15253.0
Lincoln Town Car,11375.0,11264.0,9460.0,1001.0,0.0,,,,,,,
Maserati Ghibli,,,,,,,7922.0,7100.0,5531.0,,,
Maserati GranTurismo,,,,,,,1373.0,1249.0,1018.0,,,
Maserati Levante,,,,,,,0.0,1917.0,5448.0,,,
Maserati Quattroporte,,,,,,,2398.0,2268.0,1700.0,,,
Mazda 2,0.0,3021.0,13952.0,19315.0,11757.0,13615.0,297.0,3.0,,,0.0,3256.0
Mazda 3,94466.0,106353.0,102417.0,123361.0,104713.0,104985.0,107885.0,95567.0,75018.0,64638.0,50741.0,30352.0
Mazda 5,18488.0,15683.0,19155.0,14640.0,13884.0,11613.0,8609.0,375.0,10.0,,,
Mazda 6,34866.0,35662.0,35711.0,33756.0,43638.0,53224.0,57897.0,45520.0,33402.0,30938.0,21524.0,16204.0
Mazda B-Series,573.0,10.0,,,,,,,,,,
Mazda CX-3,,,,,,0.0,6406.0,18557.0,16355.0,16899.0,16229.0,8335.0
Mazda CX-30,,,,,,,,,,0.0,899.0,38064.0
Mazda CX-5,,,0.0,43319.0,79544.0,99122.0,111450.0,112235.0,127563.0,150622.0,154543.0,146420.0
Mazda CX-7,20583.0,28788.0,35641.0,11326.0,1.0,,,,,,,
Mazda CX-9,21132.0,28908.0,34421.0,24442.0,24628.0,18496.0,18048.0,16051.0,25828.0,28257.0,26861.0,27638.0
Mazda MX-5 Miata,7917.0,6370.0,5674.0,6305.0,5780.0,4745.0,8591.0,9465.0,11294.0,8971.0,7753.0,8807.0
Mazda RX-8,2217.0,1134.0,759.0,80.0,1.0,1.0,,,,,,
Mazda Tribute,5525.0,3637.0,2696.0,502.0,1.0,0.0,,,,,,
Mercedes-AMG GT,,,,,,0.0,1277.0,1227.0,1608.0,,,
Mercedes-Benz A-Class,,,,,,,,,,0.0,15944.0,15333.0
Mercedes-Benz AMG GT,,,,,,,,,1609.0,1525.0,4048.0,3303.0
Mercedes-Benz B-Class,0.0,1.0,19.0,29.0,20.0,776.0,1906.0,632.0,744.0,135.0,,
Mercedes-Benz C-Class,52427.0,58785.0,69314.0,81697.0,88251.0,75065.0,86080.0,77167.0,77447.0,54829.0,48875.0,25119.0
Mercedes-Benz CL-Class,1220.0,1035.0,943.0,723.0,476.0,221.0,54.0,0.0,,,,
Mercedes-Benz CLA-Class,,,,0.0,14113.0,27365.0,29643.0,25792.0,20669.0,26269.0,13212.0,11644.0
Mercedes-Benz CLK,7150.0,585.0,6.0,1.0,,,,,,,,
Mercedes-Benz CLK-Class,,585.0,6.0,1.0,0.0,3.0,0.0,,,,,
Mercedes-Benz CLS-Class,2527.0,2135.0,5665.0,8065.0,8032.0,6981.0,6152.0,,,,,
Mercedes-Benz E / CLS-Class,,,,,,,,50896.0,51312.0,46424.0,39858.0,27102.0
Mercedes-Benz E-Class,43072.0,60922.0,62736.0,65171.0,69803.0,66400.0,49736.0,,,,,
Mercedes-Benz E-Class/CLS-Class,,,,,,,55888.0,50896.0,,,,
Mercedes-Benz G-Class,662.0,919.0,1191.0,1330.0,2494.0,3090.0,3616.0,3950.0,4188.0,3593.0,6092.0,7723.0
Mercedes-Benz GL-Class,15012.0,19943.0,25139.0,26042.0,29912.0,26597.0,27707.0,,,,,
Mercedes-Benz GL/GLS-Class,,,,,,,,,32248.0,21973.0,22615.0,22172.0
Mercedes-Benz GLA-Class,,,,,0.0,6884.0,25593.0,24545.0,24104.0,24136.0,21514.0,25348.0
Mercedes-Benz GLB,,,,,,,,,,0.0,1173.0,23185.0
Mercedes-Benz GLC-Class,,,,,,0.0,4569.0,47872.0,48643.0,,,
Mercedes-Benz GLC-Class & GLK-Class,,,,,,,27902.0,47872.0,,,,
Mercedes-Benz GLC/GLK-Class,,,,,,,,,48643.0,69729.0,72439.0,52626.0
Mercedes-Benz GLE-Class,,,,,,0.0,20663.0,51791.0,54595.0,46010.0,48664.0,48153.0
Mercedes-Benz GLE-Class & M-Class,,,,,,,53217.0,51791.0,,,,
Mercedes-Benz GLK,21944.0,20946.0,24310.0,29364.0,,,,,,,,
Mercedes-Benz GLK-Class,,,,29364.0,32553.0,35000.0,23333.0,,,,,
Mercedes-Benz GLS-Class,,,,,,,,30442.0,32248.0,,,
Mercedes-Benz GLS-Class GL-Class,,,,,,,27707.0,30442.0,,,,
Mercedes-Benz M-Class,25799.0,29698.0,35835.0,38101.0,41326.0,46726.0,32550.0,,,,,
Mercedes-Benz Metris,,,,,,,,5984.0,7579.0,7800.0,11718.0,12994.0
Mercedes-Benz R-Class,2825.0,2937.0,2385.0,1473.0,30.0,8.0,4.0,,,,,
Mercedes-Benz S-Class,11199.0,13608.0,12258.0,11794.0,13303.0,25276.0,21934.0,18803.0,15888.0,14978.0,12503.0,8589.0
Mercedes-Benz SL-Class,4025.0,2385.0,1449.0,4899.0,7007.0,5030.0,4060.0,3722.0,2940.0,2126.0,1791.0,1783.0
Mercedes-Benz SLC-Class,,,,,,,,3397.0,2860.0,1993.0,1916.0,2121.0
Mercedes-Benz SLK,2566.0,1980.0,3220.0,4595.0,,,,,,,,
Mercedes-Benz SLK-Class,,,,4595.0,4757.0,4737.0,4182.0,,,,,
Mercedes-Benz SLK-Class/SLC-Class,,,,,,,4182.0,3397.0,,,,
Mercedes-Benz SLS AMG,0.0,499.0,722.0,800.0,451.0,232.0,29.0,1.0,,,,
Mercedes-Benz Sprinter,,,,,21816.0,25745.0,,28320.0,27415.0,27564.0,29757.0,37513.0
Mercedes-Benz Sprinter/Metris,,,,,,25745.0,29889.0,34304.0,,,,
Mercury Grand Marquis,24783.0,28543.0,,,,,,,,,,
Mercury Mariner,28688.0,29912.0,,,,,,,,,,
Mercury Milan,27403.0,28912.0,,,,,,,,,,
Mercury Mountaineer,5169.0,5791.0,,,,,,,,,,
Mercury Sable,6256.0,37.0,,,,,,,,,,
Mini Clubman,,,6844.0,5769.0,,,,,,,,
Mini Clubman *,,,,5769.0,5155.0,,,,,,,
Mini Convertible,,,4964.0,4813.0,,,,,,,,
Mini Convertible *,,,,4813.0,4460.0,,,,,,,
Mini Cooper,45225.0,45644.0,40828.0,45111.0,41915.0,31385.0,40120.0,39239.0,32232.0,26119.0,22123.0,18684.0
Mini Cooper 2-Door *,,,,,,21495.0,19778.0,,,,,
Mini Cooper 4-Door *,,,,,,1348.0,15189.0,,,,,
Mini Cooper Clubman *,,,,,5155.0,2613.0,492.0,12204.0,,,,
Mini Cooper Convertible,,,,,4460.0,3536.0,,,,,,
Mini Cooper Convertible *,,,,,,3536.0,3098.0,4584.0,,,,
Mini Cooper Coupe *,,,,,2540.0,956.0,460.0,8.0,,,,
Mini Cooper Hardtop *,,,,,26954.0,22843.0,,,,,,
Mini Cooper Hardtop 2-Door *,,,,,,,19808.0,11264.0,,,,
Mini Cooper Hardtop 4-Door *,,,,,,,15189.0,11174.0,,,,
Mini Cooper Roadster *,,,,,2806.0,1437.0,1103.0,5.0,,,,
Mini Countryman,,575.0,16683.0,21012.0,21325.0,22645.0,16686.0,12706.0,14864.0,17565.0,14042.0,9363.0
Mini Coupe,,,953.0,2880.0,,,,,,,,
Mini Coupe *,,,,2880.0,2540.0,,,,,,,
Mini Hardtop,,,28067.0,29278.0,,,,,,,,
Mini Hardtop *,,,,29278.0,26954.0,,,,,,,
Mini Paceman,,,,0.0,3262.0,2082.0,1708.0,85.0,9.0,,,
Mini Roadster,,,0.0,2371.0,,,,,,,,
Mini Roadster *,,,,2371.0,2806.0,,,,,,,
Mitsubishi Eclipse,6672.0,4282.0,7546.0,712.0,109.0,0.0,,,,,,
Mitsubishi Eclipse,6672.0,4282.0,7546.0,1173.0,109.0,0.0,,,,,,
Mitsubishi Eclipse *,,,,712.0,40.0,,,,,,,
Mitsubishi Eclipse Cross,,,,,,,,,0.0,9485.0,19661.0,10319.0
Mitsubishi Eclipse Spyder,,,3091.0,461.0,,,,,,,,
Mitsubishi Eclipse Spyder *,,,,461.0,69.0,,,,,,,
Mitsubishi Endeavor,3228.0,4294.0,9658.0,501.0,24.0,0.0,,,,,,
Mitsubishi Galant,11740.0,11492.0,15631.0,13261.0,1441.0,122.0,0.0,,,,,
Mitsubishi Lancer,20117.0,21416.0,19874.0,16426.0,19451.0,16495.0,17691.0,14304.0,12725.0,,,
Mitsubishi Mirage,,,,0.0,2935.0,16708.0,21515.0,22226.0,22386.0,24316.0,26966.0,19135.0
Mitsubishi Outlander,10283.0,12500.0,9788.0,7750.0,12287.0,13068.0,19055.0,26576.0,35310.0,37952.0,37965.0,27133.0
Mitsubishi Outlander PHEV,,,,,,,,0.0,99.0,3866.0,2810.0,1964.0
Mitsubishi Outlander Sport,0.0,1690.0,16443.0,18091.0,24951.0,31054.0,36966.0,33067.0,33160.0,36867.0,26144.0,28835.0
Mitsubishi Raider,1944.0,9.0,,,,,,,,,,
Mitsubishi i MiEV,,0.0,80.0,588.0,1029.0,196.0,115.0,94.0,6.0,,,
Mitsubishi i-MiEV,,,,,1029.0,196.0,,,,,,
Nissan 350Z/370Z,13117.0,10215.0,,,,,,,,,,
Nissan 370Z,,10215.0,7328.0,7338.0,6561.0,7199.0,7391.0,5913.0,4614.0,3468.0,2384.0,1955.0
Nissan Altima,203568.0,229263.0,268981.0,302934.0,320723.0,335644.0,333398.0,307380.0,254996.0,209146.0,209183.0,137988.0
Nissan Armada,9903.0,19344.0,18331.0,18072.0,14383.0,12593.0,12737.0,14035.0,35667.0,32650.0,32044.0,19638.0
Nissan Cube,21471.0,22968.0,14459.0,7667.0,5461.0,3785.0,943.0,15.0,,,,
Nissan Frontier,28415.0,40427.0,51700.0,55435.0,62837.0,74323.0,62817.0,86926.0,74360.0,79646.0,72369.0,54817.0
Nissan GT-R,1534.0,877.0,1294.0,1188.0,1236.0,1436.0,1105.0,698.0,578.0,538.0,331.0,303.0
Nissan Juke,0.0,8639.0,35886.0,36358.0,38157.0,38184.0,27121.0,19577.0,10157.0,731.0,,
Nissan Kicks,,,,,,,,,0.0,23312.0,58193.0,58858.0
Nissan LEAF,,19.0,9674.0,,,,,,,,,
Nissan Leaf,0.0,19.0,9674.0,9819.0,22610.0,30200.0,17269.0,14006.0,11230.0,14715.0,12365.0,9559.0
Nissan Maxima,53351.0,60569.0,58737.0,59349.0,53896.0,50401.0,40359.0,62670.0,67627.0,42337.0,35076.0,18141.0
Nissan Murano,52546.0,53999.0,53626.0,51675.0,44684.0,47301.0,62907.0,86953.0,76732.0,83547.0,68361.0,58256.0
Nissan NV,,,,,12589.0,14890.0,16958.0,17873.0,17858.0,16902.0,20022.0,15248.0
Nissan NV200,,,,,4619.0,13385.0,17317.0,18523.0,18602.0,18628.0,18768.0,17126.0
Nissan Pathfinder,18341.0,21438.0,25935.0,42621.0,88632.0,79111.0,82041.0,81701.0,81065.0,67550.0,65691.0,48579.0
Nissan Quest,8437.0,177.0,12199.0,18275.0,12874.0,9833.0,11018.0,11115.0,4950.0,,0.0,0.0
Nissan Rogue,77222.0,99515.0,124543.0,142349.0,162751.0,199199.0,287190.0,329904.0,403465.0,412110.0,350447.0,227936.0
Nissan Sentra,82706.0,94065.0,114991.0,106395.0,129143.0,183268.0,203509.0,214709.0,218451.0,213046.0,184618.0,94645.0
Nissan Titan,19042.0,23416.0,21994.0,21576.0,15691.0,12527.0,12140.0,21880.0,52924.0,50459.0,31514.0,26441.0
Nissan Versa,82906.0,99705.0,99730.0,113327.0,117352.0,139781.0,144528.0,132214.0,106772.0,75809.0,66596.0,48272.0
Nissan Xterra,16455.0,20523.0,18221.0,17222.0,17766.0,16505.0,10672.0,38.0,1.0,,,
Pontiac G3,6223.0,14.0,,,,,,,,,,
Pontiac G5,12362.0,87.0,,,,,,,,,,
Pontiac G6,87171.0,479.0,,,,,,,,,,
Pontiac G8,23157.0,274.0,,,,,,,,,,
Pontiac Grand Prix,265.0,7.0,,,,,,,,,,
Pontiac Solstice,5642.0,157.0,,,,,,,,,,
Pontiac Vibe,33842.0,97.0,,,,,,,,,,
Porsche 718,,,,,,,,,5087.0,5276.0,3880.0,3447.0
Porsche 911,6839.0,5737.0,6016.0,8528.0,10442.0,10433.0,9898.0,8901.0,8970.0,9783.0,9265.0,8839.0
Porsche 918 Spyder,,,,,0.0,96.0,203.0,1.0,,,,
Porsche Boxster,1909.0,2177.0,1773.0,2894.0,4570.0,3875.0,3102.0,2670.0,2287.0,,,
Porsche Cayenne,7735.0,8343.0,12978.0,15545.0,18507.0,16205.0,16474.0,15383.0,13203.0,11106.0,19001.0,18092.0
Porsche Cayman,1966.0,1322.0,1377.0,462.0,3383.0,3417.0,3561.0,3590.0,2800.0,,,
Porsche Macan,,,,,0.0,7241.0,13533.0,19332.0,21429.0,22954.0,22667.0,18633.0
Porsche Panamera,1247.0,7741.0,6879.0,7614.0,5421.0,5740.0,4985.0,4403.0,6431.0,8114.0,6625.0,3871.0
Porsche Taycan,,,,,,,,,,0.0,130.0,4404.0
Ram Cargo Van,,,,,8900.0,11311.0,3222.0,21.0,0.0,0.0,,
Ram P/U,,,,,355673.0,439789.0,451116.0,489418.0,500723.0,,,
Ram Pickup,,,,,,,,,500723.0,536980.0,633694.0,563676.0
Ram ProMaster,,,,,3270.0,18039.0,28345.0,40440.0,40483.0,46600.0,56410.0,50553.0
Ram ProMaster City,,,,,,0.0,11124.0,15972.0,15584.0,13788.0,12919.0,10408.0
Saab 9-3,5428.0,4533.0,3847.0,,,,,,,,,
Saab 9-4X,,0.0,267.0,,,,,,,,,
Saab 9-5,1034.0,811.0,1496.0,,,,,,,,,
Saab 9-7X,2218.0,102.0,,,,,,,,,,
Saturn Astra,6298.0,25.0,,,,,,,,,,
Saturn Aura,21395.0,644.0,,,,,,,,,,
Saturn Outlook,13115.0,2649.0,,,,,,,,,,
Saturn Sky,3399.0,179.0,,,,,,,,,,
Saturn Vue,28429.0,3201.0,,,,,,,,,,
Scion FR-S,,,0.0,11417.0,18327.0,14062.0,10507.0,,,,,
Scion iA,,,,,,0.0,7605.0,,,,,
Scion iM,,,,,,0.0,5097.0,,,,,
Scion iQ,,0.0,248.0,8879.0,4046.0,2040.0,482.0,6.0,,,,
Scion tC,17998.0,15204.0,22433.0,22666.0,19094.0,17947.0,16459.0,9336.0,,,,
Scion xB,25461.0,20364.0,17017.0,19787.0,17849.0,16583.0,15223.0,2677.0,,,,
Scion xD,14499.0,10110.0,9573.0,10756.0,9005.0,7377.0,794.0,9.0,,,,
Smart ForTwo,,,,,,,,,3071.0,1276.0,,
Smart Fortwo,14595.0,5927.0,5208.0,10009.0,9264.0,10453.0,7484.0,6211.0,3071.0,,,
Subaru Ascent,,,,,,,,,0.0,36211.0,81958.0,67623.0
Subaru BRZ,,,0.0,4144.0,8587.0,7504.0,5296.0,4141.0,4131.0,3834.0,2334.0,2267.0
Subaru CrossTrek,,,,,,,,,110138.0,144384.0,131152.0,119716.0
Subaru Crosstrek,,,,,,,88927.0,95677.0,110138.0,,,
Subaru Forester,77781.0,85080.0,76196.0,76347.0,123592.0,159953.0,175192.0,178593.0,177563.0,171613.0,180179.0,176996.0
Subaru Impreza,46611.0,44395.0,41196.0,68175.0,76825.0,83488.0,100519.0,88517.0,117401.0,76400.0,66415.0,43628.0
Subaru Impreza,46611.0,44395.0,41196.0,81799.0,76825.0,83488.0,100519.0,88517.0,117401.0,76400.0,66415.0,43628.0
Subaru Impreza *,,,,68175.0,58856.0,57996.0,66785.0,55238.0,,,,
Subaru Impreza WRX,,,13805.0,13624.0,,,,,31358.0,28730.0,21838.0,21178.0
Subaru Impreza WRX *,,,,13624.0,17969.0,,,,,,,
Subaru Impreza WRX/STI,,,,,,25492.0,33734.0,,,,,
Subaru Impreza WRX/STI *,,,,,,,33734.0,33279.0,,,,
Subaru Impreza WRX/STi *,,,,,17969.0,25492.0,,,,,,
Subaru Legacy,30974.0,38725.0,42401.0,47127.0,42291.0,52270.0,60447.0,65306.0,49837.0,40109.0,35063.0,27240.0
Subaru Outback,55356.0,93148.0,104405.0,117553.0,118049.0,138790.0,152294.0,182898.0,188886.0,178854.0,181178.0,153290.0
Subaru Tribeca,5930.0,2472.0,2791.0,2075.0,1598.0,732.0,0.0,,,,,
Subaru XV Crosstrek,,,0.0,7396.0,53741.0,70956.0,88927.0,,,,,
Suzuki Aerio/SX4,20708.0,11606.0,,,,,,,,,,
Suzuki Equator,2221.0,1447.0,2127.0,1966.0,448.0,0.0,,,,,,
Suzuki Forenza/Reno,3769.0,12.0,1.0,1.0,0.0,,,,,,,
Suzuki Grand Vitara,7565.0,4478.0,4980.0,4954.0,1037.0,0.0,,,,,,
Suzuki Kizashi,71.0,6138.0,6942.0,5566.0,1602.0,0.0,,,,,,
Suzuki SX4,,11606.0,12519.0,12860.0,2859.0,0.0,,,,,,
Suzuki Verona,,0.0,1.0,,,,,,,,,
Suzuki XL7,4361.0,313.0,48.0,10.0,0.0,,,,,,,
Tesla Model 3,,,,,,,,0.0,2320.0,140317.0,161100.0,206500.0
Tesla Model S,,,,,,,,,26800.0,29950.0,14425.0,20301.0
Tesla Model S †,,,,,,,,26400.0,28800.0,,,
Tesla Model X,,,,,,,,,21600.0,27250.0,19600.0,26100.0
Tesla Model X †,,,,,,,,14400.0,24000.0,,,
Tesla Model Y,,,,,,,,,,,0.0,40001.0
Toyota 4Runner,19675.0,46531.0,44316.0,48755.0,51625.0,76906.0,97034.0,111970.0,128296.0,139694.0,131864.0,129052.0
Toyota 86 / FR-S,,,,,,,,,6846.0,4133.0,3398.0,2476.0
Toyota 86/Scion FR-S,,,,,,,10507.0,7457.0,6846.0,,,
Toyota Avalon,26935.0,28390.0,28925.0,29556.0,70990.0,67183.0,60063.0,48080.0,32583.0,33580.0,27767.0,18421.0
Toyota C-HR,,,,,,,,0.0,25755.0,49642.0,48930.0,42936.0
Toyota Camry,356824.0,327804.0,308510.0,404886.0,408484.0,428606.0,429355.0,388618.0,387081.0,343439.0,336978.0,294348.0
Toyota Corolla,,,,,,339498.0,363332.0,378210.0,329196.0,303732.0,304850.0,237179.0
Toyota Corolla Sedan *,,,,,,,363332.0,360483.0,,,,
Toyota Corolla iM *,,,,,,,5099.0,17727.0,,,,
Toyota Corolla/Matrix,296874.0,266082.0,240259.0,290947.0,302180.0,339498.0,,,,,,
Toyota FJ Cruiser,11941.0,14959.0,13541.0,13656.0,13131.0,14718.0,229.0,9.0,4.0,,,
Toyota Highlander,83118.0,92121.0,101252.0,121055.0,127572.0,146127.0,158915.0,191379.0,215775.0,244511.0,239437.0,212276.0
Toyota Land Cruiser,2261.0,1807.0,1662.0,2895.0,3082.0,3158.0,2687.0,3705.0,3100.0,3235.0,3536.0,3146.0
Toyota Mirai,,,,,,0.0,72.0,1034.0,1838.0,1689.0,1502.0,499.0
Toyota Prius,139682.0,140928.0,136463.0,236659.0,,,118020.0,101340.0,108662.0,,,
Toyota Prius *,,,,,,122776.0,113829.0,98866.0,,,,
Toyota Prius C,,,,,,,38484.0,20452.0,,,,
Toyota Prius C ^,,,0.0,35733.0,,,,,,,,
Toyota Prius C ²,,,,35733.0,41979.0,40570.0,38469.0,,,,,
Toyota Prius Family,,,,,,,,,108661.0,87590.0,69718.0,43525.0
Toyota Prius Liftback,,,128064.0,147507.0,,,,,,,,
Toyota Prius Plug-In,,,0.0,12750.0,,,,,,,,
Toyota Prius Plug-In *,,,,12750.0,12088.0,13264.0,4191.0,,,,,
Toyota Prius Prime *,,,,,,,4191.0,2474.0,,,,
Toyota Prius Sedan *,,,,147507.0,145172.0,122776.0,,,,,,
Toyota Prius V,,,8399.0,40669.0,,,28290.0,14840.0,,,,
Toyota Prius V ²,,,,40669.0,34989.0,30762.0,28290.0,,,,,
Toyota Prius/Prius V,,140928.0,136463.0,,,,,,,,,
Toyota Prius ²,,,,160257.0,157260.0,136040.0,118020.0,,,,,
Toyota RAV4,149088.0,170877.0,132237.0,171877.0,218249.0,267698.0,315412.0,352154.0,407594.0,427168.0,448068.0,430387.0
Toyota Sequoia,16387.0,13848.0,13022.0,13151.0,13811.0,11806.0,12583.0,12771.0,12156.0,11121.0,10289.0,7364.0
Toyota Sienna,84064.0,98337.0,111429.0,114725.0,121117.0,124502.0,137497.0,127791.0,111489.0,87672.0,73585.0,42885.0
Toyota Supra,,,,,,,,,,0.0,2884.0,5887.0
Toyota Tacoma,111824.0,106198.0,110705.0,141365.0,159485.0,155041.0,179562.0,191631.0,198124.0,245659.0,248801.0,238805.0
Toyota Tundra,79385.0,93309.0,82908.0,101621.0,112732.0,118493.0,118880.0,115489.0,116285.0,118258.0,111673.0,109203.0
Toyota Venza,54410.0,47321.0,38904.0,43095.0,35846.0,29991.0,21351.0,589.0,14.0,9.0,0.0,13073.0
Toyota Yaris,63743.0,40076.0,32704.0,30590.0,21342.0,13274.0,16779.0,38855.0,44380.0,27209.0,21916.0,6436.0
Toyota Yaris Hatchback *,,,,,,,16779.0,10872.0,,,,
Toyota Yaris iA *,,,,,,,7605.0,27983.0,,,,
Volkswagen Arteon,,,,,,,,,,0.0,2449.0,3602.0
Volkswagen Atlas,,,,,,,,0.0,27119.0,59677.0,81508.0,76283.0
Volkswagen Atlas Sport,,,,,,,,,,,0.0,11078.0
Volkswagen Beetle,,16537.0,6468.0,28654.0,43134.0,29182.0,22667.0,15667.0,15166.0,14411.0,17215.0,4421.0
Volkswagen Beetle,,16537.0,6468.0,29174.0,43134.0,29182.0,22667.0,15667.0,15166.0,14411.0,17215.0,4421.0
Volkswagen Beetle Convertible,,,842.0,520.0,,,,,,,,
Volkswagen Beetle Convertible *,,,,520.0,18050.0,11768.0,9642.0,5837.0,,,,
Volkswagen Beetle Coupe *,,,,28654.0,25084.0,17414.0,13025.0,9830.0,,,,
Volkswagen CC,23872.0,27987.0,29502.0,21646.0,15672.0,9995.0,6276.0,3237.0,1355.0,455.0,58.0,17.0
Volkswagen Eos,7204.0,6690.0,7533.0,6214.0,4178.0,3411.0,2993.0,387.0,1.0,,,
Volkswagen GTI *,,,,16314.0,13310.0,,,,,,,
Volkswagen Golf,,28286.0,34706.0,40885.0,30931.0,33675.0,65308.0,61687.0,68978.0,42271.0,37393.0,21927.0
Volkswagen Golf,,28286.0,34706.0,20677.0,30931.0,33675.0,65308.0,61687.0,68978.0,42271.0,37393.0,21927.0
Volkswagen Golf *,,,,20677.0,16023.0,15941.0,19257.0,13764.0,,,,
Volkswagen Golf GTI,,,16867.0,16314.0,,,,,,,,
Volkswagen Golf GTI *,,,,,13310.0,17362.0,23669.0,23934.0,,,,
Volkswagen Golf R,,,0.0,3894.0,,,,,,,,
Volkswagen Golf R *,,,,3894.0,1598.0,15.0,4141.0,4493.0,,,,
Volkswagen Golf SportWagen *,,,,,,0.0,14009.0,,,,,
Volkswagen Golf SportWagen/Alltrack *,,,,,,,14009.0,15559.0,,,,
Volkswagen Golf/Rabbit,15752.0,28286.0,,,,,,,,,,
Volkswagen Jetta,108427.0,123213.0,177360.0,170424.0,163793.0,160873.0,131109.0,121107.0,115807.0,90794.0,100453.0,82652.0
Volkswagen Jetta Sedan,,,150515.0,146478.0,,,,,,,,
Volkswagen Jetta Sedan *,,,,146478.0,141259.0,141354.0,128438.0,121102.0,,,,
Volkswagen Jetta SportWagen,,,26845.0,23946.0,,,,,,,,
Volkswagen Jetta SportWagen *,,,,,22534.0,19519.0,2671.0,5.0,,,,
Volkswagen Jetta Sportwagen *,,,,23946.0,22534.0,,,,,,,
Volkswagen New Beetle,14085.0,16537.0,,,,,,,,,,
Volkswagen Passat,11138.0,12497.0,22835.0,117023.0,109652.0,96649.0,78207.0,73002.0,60722.0,41401.0,14123.0,22964.0
Volkswagen Passat Sedan,,,22779.0,117023.0,,,,,,,,
Volkswagen Passat Wagon,,,56.0,0.0,,,,,,,,
Volkswagen Routan,14681.0,15961.0,12473.0,10483.0,2109.0,1103.0,0.0,,,,,
Volkswagen Tiguan,13903.0,20946.0,25990.0,31731.0,30002.0,25121.0,35843.0,43638.0,46983.0,103022.0,109963.0,100687.0
Volkswagen Touareg,4392.0,4713.0,7535.0,10553.0,8233.0,6961.0,7037.0,4223.0,3545.0,2022.0,160.0,3.0
Volkswagen e-Golf *,,,,,0.0,357.0,4232.0,3937.0,,,,
Volvo 40 Series,,,,,,,,,,,0.0,1099.0
Volvo 60-Series,,,,,,,,,16825.0,12176.0,20190.0,15729.0
Volvo 90-Series,,,,,,,,,11090.0,9892.0,4052.0,3195.0
Volvo C30,4266.0,3906.0,3471.0,2827.0,1361.0,66.0,0.0,,,,,
Volvo C70,5170.0,4368.0,4933.0,4441.0,3234.0,779.0,7.0,0.0,,,,
Volvo S40,7956.0,5623.0,2984.0,51.0,0.0,,,,,,,
Volvo S60,5895.0,1437.0,21282.0,23356.0,23210.0,20457.0,16706.0,14789.0,16825.0,,,
Volvo S60 *,,,,,,,16706.0,14218.0,,,,
Volvo S60 CC *,,,,,,,287.0,571.0,,,,
Volvo S60 Cross Country,,,,,,0.0,287.0,,,,,
Volvo S80,8331.0,7224.0,4735.0,3277.0,1935.0,1753.0,1887.0,644.0,7.0,,,
Volvo S90,,,,,,,0.0,2756.0,11090.0,,,
Volvo V50,2155.0,1720.0,555.0,,,,,,,,,
Volvo V60,,,,,0.0,4990.0,4362.0,6132.0,,,,
Volvo V60 *,,,,,,,4362.0,3407.0,,,,
Volvo V60 CC *,,,,,,,2769.0,2725.0,,,,
Volvo V60 Cross Country,,,,,,0.0,2769.0,,,,,
Volvo V70,1816.0,895.0,,,,,,,,,,
Volvo XC40,,,,,,,,,0.0,12420.0,17647.0,23778.0
Volvo XC60,9262.0,12030.0,12932.0,19139.0,19766.0,19276.0,26134.0,20452.0,22516.0,32689.0,30578.0,32078.0
Volvo XC70,5825.0,6626.0,5716.0,5513.0,4882.0,5093.0,5118.0,5425.0,,,,
Volvo XC90,10757.0,10119.0,10609.0,9513.0,6845.0,3952.0,12777.0,32526.0,30996.0,31609.0,35760.0,34251.0
